PID,Parent_PID
31583,31582
31584,31582
31585,31582
PID,Parent_PID
31583,31582
31584,31582
31585,31582
PID,Parent_PID
31583,31582
31584,31582
31587,31584
PID,Parent_PID
31583,31582
31584,31582
31587,1
PID,Parent_PID
31583,31582
31586,31583
31589,31586
PID,Parent_PID
31583,31582
31586,31583
31588,31583
PID,Parent_PID
31583,31582
31586,31583
31588,1
PID,Parent_PID
31583,31582
31586,31583
31589,1
31624,31623
31625,31623
31627,31623
31624,31623
31625,31623
31628,31625
31624,31623
31625,31623
31627,31623
31624,31623
31626,31624
31629,31624
31624,31623
31625,31623
31628,31625
31624,31623
31626,31624
31630,31626
31624,31623
31626,31624
31629,1
31624,31623
31626,31624
31630,1
PID,Parent_PID
31678,31677
31679,31677
31681,31677
PID,Parent_PID
31678,31677
31679,31677
31681,31677
PID,Parent_PID
31678,31677
31679,31677
31682,31679
PID,Parent_PID
31678,31677
31680,31678
31683,31678
PID,Parent_PID
31678,31677
31679,31677
31682,31679
PID,Parent_PID
31678,31677
31680,31678
31683,31678
PID,Parent_PID
31678,31677
31680,31678
31684,31680
PID,Parent_PID
31678,31677
31680,31678
31684,1
PID,Parent_PID
PID,Parent_PID
31732,31730
31735,31732
PID,Parent_PID
31733,31730
PID,Parent_PID
31731,31730
31736,31731
PID,Parent_PID
31732,31730
PID,Parent_PID
31731,31730
PID,Parent_PID
31731,31730
31734,31731
PID,Parent_PID
31731,31730
31734,31731
31737,1
PID,Parent_PID
31775,27777
31775,27777
31775,27777
PID,Parent_PID
31775,27777
31777,31775
31777,31775
PID,Parent_PID
31776,31775
31776,31775
31776,31775
PID,Parent_PID
31775,27777
31777,31775
31780,31777
PID,Parent_PID
31776,31775
31776,31775
31781,1
PID,Parent_PID
31775,27777
31775,27777
31779,31775
PID,Parent_PID
31776,31775
31778,1
31778,1
PID,Parent_PID
31776,31775
31778,1
31782,31778
